{
  "timestamp": 1712839595,
  "ensemble_score": 0.33,
  "confidence": 0.33,
  "severity": "low",
  "anomaly_type": "point",
  "affected_sensors": [
    "sensor_7"
  ],
  "detection_driver": "zscore",
  "model_outputs": {
    "zscore": {
      "score": 26.814175355583405,
      "is_anomaly": 1,
      "score_norm": 0.13216739075060058
    },
    "iforest": {
      "score": -0.23337082382375884,
      "is_anomaly": 0,
      "score_norm": 0.24489430506263785
    },
    "lstm": {
      "score": 0.28348562219068785,
      "is_anomaly": 0,
      "score_norm": 0.6148545024142743
    }
  },
  "consensus": {
    "votes": 1,
    "agreement": {
      "zscore_lstm": 265,
      "lstm_iforest": 5,
      "zscore_iforest": 270
    }
  }
}