{
  "timestamp": 1712840680,
  "ensemble_score": 0.14,
  "confidence": 0.33,
  "severity": "low",
  "anomaly_type": "point",
  "affected_sensors": [
    "sensor_21"
  ],
  "detection_driver": "zscore",
  "model_outputs": {
    "zscore": {
      "score": 4.994591669590753,
      "is_anomaly": 1,
      "score_norm": 0.022766483531004408
    },
    "iforest": {
      "score": -0.24663401243010585,
      "is_anomaly": 0,
      "score_norm": 0.21299294577960073
    },
    "lstm": {
      "score": 0.08863182709068368,
      "is_anomaly": 0,
      "score_norm": 0.19223436279690245
    }
  },
  "consensus": {
    "votes": 1,
    "agreement": {
      "zscore_lstm": 49,
      "lstm_iforest": 3,
      "zscore_iforest": 52
    }
  }
}